Item,Link
REP Basic Barbell,link 
REP Excalibur Bar,link 
REP Excalibur 20 kg - Stainless Steel,link 
REP EZ Curl Barbell,link 
REP Rackable EZ Curl Barbell,link 
REP Gladiator WL Bearing Bar,link 
REP Stainless Steel Power Bar v2,link 
REP Deep Knurl Power Bar EX,link 
REP Sabre Bar,link 
REP Black Sabre Barbell,link 
REP V2 Sleeve Battle Rope,link 
REP Battle Rope Strap Anchor,link 
REP Battle Rope Wall Mount Anchor,link 
AB-3000 FID Adjustable Bench,link 
AB-3100 Adjustable Bench,link 
AB-5000 ZERO GAP Adjustable Bench,link 
AB-5100 Adjustable Bench,link 
REP AB-5200 Adjustable Bench,link 
AB-5000/5100 Leg Attachment,link 
FB-3000 Flat Bench,link 
FB-4000 Comp Lite Bench,link 
FB-5000 Competition Flat Bench,link 
FB-5000 with Wide Pad,link 
REP Wide Pad,link 
Concept2 Indoor Rower,link 
REP Adjustable Dumbbells,link 
REP Dumbbell Rack,link 
Victory 2-Tier Dumbbell Rack,link 
REP Rubber Coated Hex Dumbbell Pairs,link 
REP Rubber Grip Hex Dumbbell Pairs,link 
REP Rubber Hex Dumbbell Sets,link 
REP Urethane Coated Round Dumbbell Pairs,link 
REP Urethane Coated Round Dumbbell Sets,link 
REP FT-3000 Compact Functional Trainer,link 
REP FT-5000 Functional Trainer,link 
REP GHD - Glute Ham Developer,link 
Gym Chalk 1 lb (8-2 oz Blocks),link 
REP Wood Gymnastic Rings,link 
REP Kettlebells,link 
REP Adjustable KBs,link 
REP LB Kettlebells,link 
Kettlebell Storage Rack,link 
Free Standing Landmine,link 
Landmine attachment for Power Racks,link 
REP Modular Storage System,link 
REP Black Bumper Plates,link 
REP Color Bumper Plates,link 
REP Weight Set - Color Bumpers,link 
REP kg Change Plates,link 
REP LB Change Plates,link 
REP LB Fractional Change Plates,link 
REP Competition Bumper Plates (LB),link 
REP Competition Bumper Plates (KG),link 
REP Equalizer Iron Olympic Plates,link 
REP Iron Plates,link 
REP V2 Rubber Coated Olympic Plates,link 
REP 3-in-1 Soft Plyo Boxes,link 
REP Street Parking 3-in-1 Soft Plyo Boxes,link 
REP Pull-Up Bands,link 
J-Cups for 1000 Series Racks,link 
Weight Horns for 1000 Series Power Racks,link 
REP ISO Arms,link 
REP Lat and Row Attachment for PR-1000 and PR-1100,link 
REP PR-1050 Short Home Gym Power Rack,link 
REP PR-1100 Home Gym Power Rack,link 
REP PR-4000 Power Rack,link 
PR-4000 Dip Attachment,link 
PR-4000 Front Foot Extension Pair,link 
PR-4000 Flat Sandwich J-cups,link 
PR-4000 Round Sandwich J-Cups,link 
PR-4000 Standard J-cups,link 
PR-4000 Landmine Attachment,link 
PR-4000 Leg Roller Attachment,link 
REP PR-4000 Lat/Low Row Attachment,link 
PR-4000 Spotter Arms,link 
PR-4000 Rear Base Stabilizer,link 
"PR-4000 Weight Horn - 6"" Pair",link 
REP PR-5000 V2 Power Rack,link 
PR-5000 Crossmembers,link 
PR-5000 V2 Dip Attachment,link 
PR-5000 V2 Pull-up Bar,link 
REP PR-5000 Lat/Low Row Attachment,link 
PR-5000 V2 Spotter Arms - Pair,link 
PR-5000 V2 Rear Base Stabilizer,link 
PR5000 Uprights,link 
REP SR-4000,link 
REP V2 Sandbags,link 
REP 4-Post Push Sled,link 
REP Bar and Bumper Plate Tree,link 
REP V2 Slam Balls,link 
REP Wall Mounted Gym Storage Rack,link 
